Sfa-ABas	Sfa-ABas_001
Sfa-ABas	Sfa-ABas_002
Sfa-ABas	Sfa-ABas_003
Sfa-ABas	Sfa-ABas_004
Sfa-ABas	Sfa-ABas_005
Sfa-ABas	Sfa-ABas_006
Sfa-ABas	Sfa-ABas_007
Sfa-ABas	Sfa-ABas_008
Sfa-ABas	Sfa-ABas_009
Sfa-ABas	Sfa-ABas_010
Sfa-ABas	Sfa-ABas_013
Sfa-ABas	Sfa-ABas_014
Sfa-ABas	Sfa-ABas_016
Sfa-ABas	Sfa-ABas_017
Sfa-ABas	Sfa-ABas_018
Sfa-ABas	Sfa-ABas_019
Sfa-ABas	Sfa-ABas_020
Sfa-ABas	Sfa-ABas_021
Sfa-ABas	Sfa-ABas_022
Sfa-ABas	Sfa-ABas_023
Sfa-ABas	Sfa-ABas_024
Sfa-ABas	Sfa-ABas_025
Sfa-ABas	Sfa-ABas_026
Sfa-ABas	Sfa-ABas_027
Sfa-ABas	Sfa-ABas_028
Sfa-ABas	Sfa-ABas_029
Sfa-ABas	Sfa-ABas_030
Sfa-ABas	Sfa-ABas_031
Sfa-ABas	Sfa-ABas_032
Sfa-ABas	Sfa-ABas_033
Sfa-ABas	Sfa-ABas_034
Sfa-ABas	Sfa-ABas_035
Sfa-CBas	Sfa-CBas_001
Sfa-CBas	Sfa-CBas_002
Sfa-CBas	Sfa-CBas_003
Sfa-CBas	Sfa-CBas_006
Sfa-CBas	Sfa-CBas_007
Sfa-CBas	Sfa-CBas_008
Sfa-CBas	Sfa-CBas_009
Sfa-CBas	Sfa-CBas_010
Sfa-CBas	Sfa-CBas_014
Sfa-CBas	Sfa-CBas_015
Sfa-CBas	Sfa-CBas_016
Sfa-CBas	Sfa-CBas_017
Sfa-CBas	Sfa-CBas_019
Sfa-CBas	Sfa-CBas_020
Sfa-CBas	Sfa-CBas_021
Sfa-CBas	Sfa-CBas_023
Sfa-CBas	Sfa-CBas_025
Sfa-CBas	Sfa-CBas_026
Sfa-CBas	Sfa-CBas_027
Sfa-CBas	Sfa-CBas_028
Sfa-CBas	Sfa-CBas_029
Sfa-CBas	Sfa-CBas_030
Sfa-CBas	Sfa-CBas_031
Sfa-CBas	Sfa-CBas_032
Sfa-CBas	Sfa-CBas_033
Sfa-CBas	Sfa-CBas_036
Sfa-CBas	Sfa-CBas_039
Sfa-CBas	Sfa-CBas_041
Sfa-CBas	Sfa-CBas_042
Sfa-CBas	Sfa-CBas_043
Sfa-CBas	Sfa-CBas_044
Sfa-CBas	Sfa-CBas_046
Sfa-CBas	Sfa-CBas_048
Sfa-CBas	Sfa-CBas_056
Sfa-CBas	Sfa-CBas_059
Sfa-CBas	Sfa-CBas_061
Sfa-CBas	Sfa-CBas_062
Sfa-CBas	Sfa-CBas_066
Sfa-CBas	Sfa-CBas_067
Sfa-CBas	Sfa-CBas_073
Sfa-CBas	Sfa-CBas_076
Sfa-CBas	Sfa-CBas_078
Sfa-CBas	Sfa-CBas_084
Sfa-CBas	Sfa-CBas_086
Sfa-CBas	Sfa-CBas_088
Sfa-CBas	Sfa-CBas_090
Sfa-CBas	Sfa-CBas_091
Sfa-CBas	Sfa-CBas_092
Sfa-CBas	Sfa-CBas_096
